fe915028-6fb9-459c-8355-c8f7c7a23ffb	2018-11-02T192214.711751Z
fabc77d6-c4e7-4c97-97f2-ce827e2e6a8e	2018-11-02T190111.273153Z
fa0761fc-c5e1-4d25-8867-a437ebcf8d78	2018-11-02T195847.247385Z
f9ed1aca-528c-4746-9a64-a83c9cefca4c	2018-11-02T202805.625354Z
f60fec67-4fc5-4e94-a66d-604990ed7d4d	2018-11-02T202640.655810Z
f5f420c1-bba6-4471-865b-997472d943fe	2018-11-02T200739.617387Z
f5d3d414-aca6-4fa1-aee0-888b4a6fb1cc	2018-11-02T203401.273666Z
f5a805ed-c0f1-49a0-a138-d90cc0ef32ca	2018-11-02T183231.319605Z
f5684a60-4d62-483b-8341-451349e210aa	2018-11-02T201919.786731Z
f4d77399-7bec-40cd-86f3-94423adf72c8	2018-11-02T185406.225802Z
f138aad7-d3d2-48e8-a3cd-0328ddac8a2e	2018-11-02T201918.788560Z
f0526f41-199a-460b-82f6-a3f74fc5f190	2018-11-02T200633.755328Z
ed5694fd-ea09-42b2-baca-53171c2fb813	2018-11-02T204408.354121Z
ec822e56-c990-4878-82db-524c197572d8	2018-11-06T231554.821583Z
e923f1a0-0fb9-4d68-baad-b600718b0567	2018-11-02T191447.492335Z
e76cf8bb-a2e7-4139-9a09-9760bf59bd2e	2018-11-02T191351.423169Z
e63334c7-884e-44a2-a4b1-c63a38c7fbad	2018-11-02T204249.068394Z
e26cdb27-dbdb-447a-834a-d300a67a30f6	2018-11-02T204808.975622Z
e23716d8-dd1d-4eb0-80a7-f1ae4b35ea05	2018-11-02T144522.587766Z
e0f12fa2-bb51-48da-806e-4aa63e9e55a0	2018-11-02T200731.103659Z
e08d4e74-f630-4580-891e-4bbc78c84af6	2018-11-02T164225.777568Z
e00ded1b-487a-4398-9d05-0449354fa85c	2018-11-02T201210.377594Z
de3b6838-5201-4e7c-a1d5-59d061575bf0	2018-11-02T152640.240846Z
d8e4eae6-9e49-40bb-88c2-d6fbf090689d	2018-11-02T205335.188436Z
d7f9d562-a9fd-4449-8aa2-7f2b9fef3c11	2018-11-02T190509.133423Z
d69ae593-1ea0-489b-99c4-3651488d8e1f	2018-11-02T203629.300941Z
d48ce8eb-c4a2-40bc-9529-100b6bb5edfe	2018-11-02T204748.689625Z
d442439f-ce42-4fa4-b67f-dd0b72c8f131	2018-11-02T181300.537148Z
d3ef0334-5e4f-498c-abf8-ba3b59cc8a41	2018-11-02T200336.389785Z
d06f93a5-9cb8-487e-b0f2-ab2fff21e464	2018-11-02T171613.398832Z
cff5cc8e-a702-465e-acfe-78194726f225	2018-11-02T192820.489672Z
cebcf5e0-e428-4d49-a9e2-c2864815cf2e	2018-11-02T185355.639555Z
cccfa88c-c684-4fd6-8729-6604519d4e90	2018-11-02T195850.227331Z
cac21338-4a4a-4851-9c6a-6c0685a4aed4	2018-11-02T202020.877067Z
c884dfe0-6b20-405f-8434-20b59f6c2a73	2018-11-02T202041.795552Z
c6fe2571-81c6-4076-bebb-45993f803594	2018-11-02T174206.238104Z
c6e71861-afe6-4e98-920c-e07aca6f2ed5	2018-11-02T200422.068176Z
c3a0b71f-648d-4a32-b012-c739949ab9f4	2018-11-02T203949.140873Z
c22a0b29-7f26-4db2-9b8f-ab7716dcb773	2018-11-02T183206.281714Z
bfa59ff4-3b76-456f-a4fb-872f709fff17	2018-11-02T181834.132764Z
bebf542c-e828-4bbc-aec1-6ecb557dd01e	2018-11-02T152704.695064Z
bea93fa7-6253-49fe-82ac-4377dbe68f2a	2018-11-02T184915.893777Z
bad68364-a710-4986-889c-55470f3a7832	2018-11-02T192040.157680Z
b74755a2-ac2b-4461-86e3-17ef8a435f3c	2018-11-02T152952.478633Z
b7470cb5-c034-4509-b5c1-690a4d099694	2018-11-02T165051.978700Z
b5746db8-0de6-41f4-ad6f-002c598e3ee7	2018-11-02T200519.993162Z
b3adc3fd-3c4e-4bb6-8bc4-00bc1ea919cd	2018-11-02T204416.397051Z
b36b4586-41d5-41d8-9a37-d6d96edde602	2018-11-06T230917.280850Z
b12029c0-cff6-4b3b-b93e-f461e96c30f2	2018-11-02T171815.617506Z
b09639b2-da23-4605-a640-9873a5dd97c8	2018-11-02T175627.245216Z
afa597f3-d200-46c4-932e-d56a24011cbe	2018-11-02T204537.496258Z
af1e6a5e-93d7-4d58-ba58-4c4dfbc25c41	2018-11-02T204131.041163Z
ae5e801c-4243-4eb2-892b-28415e6d9b6c	2018-11-02T194822.658875Z
adcdb7a3-83e7-41ff-8fe3-8837d757a16f	2018-11-02T160910.330174Z
ac129acd-7fa8-4b37-9319-7f94ea274e75	2018-11-02T200249.131461Z
ab5e03cc-6227-4c10-866e-b0865364b7e8	2018-11-02T192857.700004Z
aa359ddb-efab-4952-b50e-2fb30bc2b6a0	2018-11-02T200132.435134Z
a904bd67-2eac-46a3-bb6d-687d7f8c2612	2018-11-02T144229.915865Z
a8885acf-1de3-4db7-a582-c088068296bc	2018-11-02T200758.402404Z
a781049e-7534-47d9-92bb-78a2813309b7	2018-11-06T231435.547170Z
a650445a-90a1-4350-8858-e5e963fc0c2d	2018-11-02T164907.958600Z
a5fec578-4609-45a0-8585-03adf31a8b61	2018-11-02T174458.340587Z
a5e5f5ce-09e3-4f5f-a86d-2f28e542248d	2018-11-02T164600.334547Z
a58659bc-f078-4077-83c9-c5e5d4dba9ed	2018-11-02T165221.606348Z
a3619c9b-30a9-4c0d-a773-9028898dc54d	2018-11-02T165753.969130Z
a35a94fb-ffcc-42cb-87bb-045ab8a4bc34	2018-11-02T201521.531687Z
9f2ec718-73cb-4330-a677-c68deda6f75e	2018-11-02T192930.422678Z
9d0cc5ad-08d0-445b-af9f-532e5f9f77b2	2018-11-02T201357.763138Z
9ad09771-7a29-4eb6-b8fc-0ea09791089b	2018-11-02T203258.139769Z
96ec4f1b-334d-489b-81a4-af5d13f59c11	2018-11-02T191206.962103Z
92d74cc7-51bc-4881-b0be-17b42246d629	2018-11-02T200031.137194Z
92d1ee02-51e8-4379-83a5-a3451529daac	2018-11-02T150014.326339Z
92c9eb5b-5335-4259-8e9a-57e0f908ab57	2018-11-02T200428.759609Z
91f7b021-662d-4e48-a4a7-60a13a1ae3a5	2018-11-02T165118.664204Z
91d439c7-f3ba-43e5-800a-f6e781c12ba7	2018-11-02T162934.788665Z
909c0b2b-a647-46da-ae16-1b7301fba7f4	2018-11-02T193819.792084Z
8fc09d03-7049-4c9a-9463-fa1f52dbe47a	2018-11-02T163912.243639Z
8f7f636b-8eef-4cb3-a44b-1264900f326c	2018-11-02T191338.266153Z
8f6ee7d5-2083-4aa8-a124-78720cdab880	2018-11-02T195239.039024Z
8e42c346-c962-4750-b762-dd674a1f0bca	2018-11-02T171731.864775Z
8ca93b62-e392-41f6-a82c-8725d82d2594	2018-11-02T204133.978578Z
8c1172d7-1853-4ca1-ac16-e2e7bc919c15	2018-11-02T202913.918331Z
8be7a99e-d2e0-4ccd-994d-43cbeacf21ae	2018-11-02T204250.993625Z
884133a0-08b8-4aaa-acc3-d4f892753f9d	2018-11-02T191440.098606Z
8712b803-44ae-4c72-82f0-8f282f9ee4e4	2018-11-02T161335.315251Z
8504e44c-9ae7-420e-b64b-65bef6289e55	2018-11-02T200747.891786Z
843aeefd-9efd-41e7-a0dc-f174ab744bc4	2018-11-02T202125.074416Z
841cae94-06b2-4e7e-90c8-854045dbe5c4	2018-11-02T192726.528812Z
83bfb137-932e-4c3f-b6cf-fb8a25e569b9	2018-11-02T204108.306512Z
839f8514-7dca-4950-a764-0bbd7de14eff	2018-11-02T200151.460154Z
836b5c90-4bbd-4a72-93dd-40504eb98896	2018-11-02T165003.953238Z
821947a9-c4cd-478f-971b-873c88273c2f	2018-11-02T163946.844258Z
820548da-284d-4084-8717-86eaaab9ae10	2018-11-02T203351.803948Z
812d631c-ab5b-448b-aac8-0e9a539f1251	2018-11-02T202018.183225Z
80daf0f5-e004-4dd4-a00d-0cdc6a0a3b81	2018-11-02T205128.607983Z
80979986-794d-406c-af9e-d7b0fe06504e	2018-11-02T164616.888631Z
7fe32108-be14-4539-8fff-235c5e359ddc	2018-11-02T205125.041990Z
7f61804d-5422-486f-b19d-c4be70866fa6	2018-11-02T185212.893644Z
7f4c114b-9c01-4bb2-920f-c68cebf93cc0	2018-11-02T185943.151486Z
7ed67cbd-bbf9-4920-83d0-85dbf212e662	2018-11-02T195737.199384Z
7c7b1d30-323a-49d1-9db4-de67a412a25e	2018-11-02T162905.024188Z
7be9f581-87aa-4174-b053-3be2b3a9cccd	2018-11-02T191138.895174Z
7a7041ba-9e6e-4737-958b-41cd5350c79a	2018-11-02T160929.509765Z
7a6203eb-aabe-4002-99cf-b571fc210f98	2018-11-02T182639.671260Z
7a20a1ec-857b-4c58-88e3-77a41ee1e0bf	2018-11-02T204333.836471Z
78805008-309c-4a74-82c0-e7941588f4e4	2018-11-02T203949.177612Z
781c4cad-b48f-46db-9be6-ddafd15b79a4	2018-11-02T142858.836203Z
77ddd259-c512-4713-aa62-b6124ea8775a	2018-11-02T155239.627784Z
7785868e-4d76-4a68-857b-5264f556df8a	2018-11-02T195923.567025Z
77279c18-e135-4fd8-943a-a0a439910338	2018-11-02T195022.115483Z
75b3a3b0-d5e5-4146-880d-86db2325e7c1	2018-11-02T184736.407711Z
751d32d5-4b6e-45ee-b55d-12e23b4d5ea2	2018-11-02T201114.720106Z
742e3406-1d58-4b59-95e4-7392410b40c8	2018-11-02T153226.846618Z
70aca3c5-7f8c-4408-b48a-38d9e4f792ec	2018-11-02T190950.304333Z
6c39e2af-6abe-4dfa-b786-798973e4517a	2018-11-02T195110.960439Z
6b93d693-dc69-4f76-b25e-03fea590e814	2018-11-02T200819.464330Z
6aa5c1ef-0baa-4f7a-a149-4e90d5ea8adf	2018-11-02T174344.707014Z
69f77cb3-58d0-4bd1-8413-275ab2ed9a0a	2018-11-02T160123.765534Z
69993500-9bd4-4072-8510-e7c754dcac97	2018-11-02T154024.403348Z
69225928-4ac5-4bb2-9bcf-b9f7f7cdfc56	2018-11-02T200818.507913Z
68630c88-764e-4456-84f1-50de27891026	2018-11-02T200314.580348Z
6777d1b2-781a-4831-97c4-9818296352f0	2018-11-02T195603.131177Z
65a4fd7f-4343-4d82-96dd-b13aa5054fc0	2018-11-02T192011.040286Z
6556c485-6247-4f89-9392-b1ff5da40a5a	2018-11-02T203008.442085Z
634e54d9-b615-4063-aafd-886713bcb73d	2018-11-02T191848.066042Z
63260a35-4803-42d7-a82b-d26ad0d13ced	2018-11-02T193602.551169Z
62e4d59c-487d-48f8-adb4-aef25bca45e2	2018-11-02T203005.260681Z
61986aec-f3f7-48a6-9c11-ed678f3b77d1	2018-11-02T191048.414691Z
6023b5d8-f134-41ba-9482-ecad9b48a4a3	2018-11-02T201708.031895Z
5e60178a-ecec-4ba0-af3c-dba30b9d71e8	2018-11-02T162319.213295Z
5e0d3f5c-0a43-4c8d-86d8-dcab55986450	2018-11-02T173030.459847Z
5df36bc8-1c31-4e8b-a8ee-74cad75166d2	2018-11-02T163653.939116Z
5db9591f-621f-4b05-8512-aa6e484f78bf	2018-11-02T195613.876107Z
5d231447-914f-46c5-9e02-145685405e0b	2018-11-02T170945.159134Z
5d164b7b-b85b-4623-8f75-4fd773958b1c	2018-11-02T170918.237644Z
5b3fb26a-c734-4f2a-bfe9-fda0767d6409	2018-11-02T193337.796906Z
58c61c7c-da95-4d1b-919f-8d9d176e77f6	2018-11-02T194432.113284Z
589d3f7e-bba3-495a-b338-3b517585f78f	2018-11-02T194855.918565Z
56bd5776-0895-47dc-94bc-264fcc702211	2018-11-02T205034.615273Z
54b089f7-e85f-4a3e-a90a-6d94ec2861dc	2018-11-02T203853.621618Z
547cd6dd-7323-4ace-b6a9-3534801cbf49	2018-11-02T192317.094330Z
5309b4e0-60de-41bc-ae56-956bd6834f10	2018-11-02T213728.758862Z
52d116cd-cb01-4e1a-a97d-8ec0d1b5a4f7	2018-11-02T201607.216875Z
4f39823e-5e82-4719-a4e5-372c163b022a	2018-11-02T194633.954388Z
4d6bea3d-e728-4a13-ab20-41c85da5d12f	2018-11-02T204137.203401Z
4d5237d2-df60-4d70-b39e-c44447d3dead	2018-11-02T194818.891559Z
4d12df99-e9ae-4ba7-8039-7363c50d115f	2018-11-02T193052.963887Z
4cd0e115-048b-4855-b57d-57e0c6896444	2018-11-02T195615.278319Z
4c9709b4-bd3d-4048-adcf-3d30fa66c594	2018-11-02T203741.041301Z
4c7f8cc3-3b8c-4634-98e7-bd90565f4c42	2018-11-02T193624.188125Z
49d21d1d-b7fa-434f-95a6-f8bbbe1aa31a	2018-11-02T202509.632439Z
476443d8-a38c-4ec5-81d2-2861f2e9040a	2018-11-02T202315.531964Z
460116ab-3220-457a-814e-729e7625d888	2018-11-02T201210.188523Z
458d9f17-9a13-46d9-a2bc-2ceccb218f7a	2018-11-02T153647.763214Z
44e5e2ae-db9a-48b7-87f3-45c40b4ca966	2018-11-02T185618.579974Z
44b20e20-99ba-48e0-bcbf-1e0fb3351b24	2018-11-02T185827.263960Z
44968a44-9005-4c59-b030-92bdbd6bac35	2018-11-02T191950.204412Z
420b0711-a7d8-4cff-970e-b7365b4f7fa3	2018-11-02T171531.106001Z
3fb13900-5457-48db-bcff-2e9db77dd181	2018-11-02T204513.888587Z
3f831278-379e-48d9-ac86-68688762f10c	2018-11-02T201353.732131Z
3ebd0ce5-2a3f-490c-9a85-ee18058f47a4	2018-11-02T193730.275062Z
3e5e29d6-f2d2-4285-9115-102711fc64d4	2018-11-02T190242.566974Z
3dd8bedd-4b92-45bb-b929-5961fd171c61	2018-11-02T151824.127578Z
3c0acd69-3d37-4868-827b-85f3bc3bb6c0	2018-11-02T185618.745778Z
3933693e-707c-4231-ac4c-2824e42017d2	2018-11-02T150643.959202Z
392757e1-806e-4cc6-a07d-6921d45b578a	2018-11-02T200100.718343Z
39125149-c7fd-4bec-9cea-84fd1f07d179	2018-11-02T193456.648559Z
384d59e4-f859-41f9-a756-e5db4fb2fed2	2018-11-02T200048.817655Z
360b66ca-fa0a-43a5-a987-6b1fdd7b55bf	2018-11-02T201937.399949Z
35f02d09-0491-44e4-b77e-dd396002f2f5	2018-11-02T203028.965235Z
33fd7ac0-5b3a-47aa-9c8b-f92a6cf4d026	2018-11-02T194808.897420Z
32beee84-8c39-42a4-81c0-d0fee3292397	2018-11-02T201956.143268Z
31cdce60-41cd-4156-801e-59bdb9d3532e	2018-11-02T193208.415544Z
31c0930f-e76d-4fca-a389-b5043c3e111a	2018-11-02T203212.124152Z
31a65659-4da8-4aaf-ac79-b9ca50da79d9	2018-11-06T231846.456329Z
319909b8-0bf8-4cce-9761-0a24982b26bd	2018-11-02T150733.345995Z
316c072b-b8c1-4aba-bb5a-536c84296ed3	2018-11-02T165010.847352Z
2f8abcd1-3280-463b-89bc-a08b24f314ef	2018-11-02T184415.175532Z
2d900858-264c-4a33-a4f7-1c77506c587e	2018-11-02T203356.540545Z
2d0801de-e79e-4c2e-9faa-c8d52eb508f2	2018-11-02T193541.533131Z
2b01d64b-9cac-4a04-8513-b73111ed5d1f	2018-11-02T201307.403321Z
2ac8e683-8ce5-460b-91fe-48e8843e7d7b	2018-11-02T205330.091228Z
2a8c73d8-b1bd-4ed1-b9a8-808e3be62a68	2018-11-02T165611.859478Z
29e86308-4c10-4e0c-ab32-2e30a27c6aa2	2018-11-02T150105.763735Z
28cd6784-9a0e-4a65-b21f-703a1e424cb3	2018-11-02T161031.041055Z
289be4dc-d946-4a63-b5b7-a708f8e6f895	2018-11-02T182641.400921Z
27103f37-5b34-459c-9bec-1b54e31ba293	2018-11-02T202705.508576Z
25734b59-07bd-419e-bc69-bc6d46ab007d	2018-11-02T170628.651131Z
24a19bbc-7f2d-492e-a383-f1959c5a56ae	2018-11-02T164309.284121Z
249f8310-41cb-4712-8bdd-0ae6aed1d5b1	2018-11-02T195619.242309Z
24635a6f-7c16-4feb-9e23-45867dad7081	2018-11-02T193459.259272Z
23c8dfad-62eb-4f25-92b2-1f64e4532c03	2018-11-02T204017.975495Z
219d7879-9757-46fe-a38b-e9f1bc055544	2018-11-02T200535.013121Z
20803690-f4ed-453a-b5e6-d096790d05c9	2018-11-02T200214.010403Z
1eef8ee0-7f61-4dd9-8e52-72412f347ee8	2018-11-02T200610.757064Z
1ce720b5-d3d8-48c4-a3b8-ad4daef6b5bb	2018-11-02T191006.939535Z
1b71d565-f23c-45fd-aa4d-ca2304b2eeb8	2018-11-02T201904.744216Z
1a3c78dc-edae-45b0-a0ce-1e877c84f216	2018-11-02T202759.030026Z
19bc2d79-d731-4c76-8f3c-0fb42f6920c8	2018-11-02T184528.846081Z
191a982b-4892-4d7e-991a-6f8c15ce633b	2018-11-02T190128.699146Z
18e64b15-582c-4423-b24e-986b823033d0	2018-11-02T203052.816675Z
18cc8dd6-30d6-4866-ae12-0339586cf8dd	2018-11-02T201937.530264Z
16d000c4-bdb8-479a-b513-931d556256f1	2018-11-02T214214.580420Z
15ccb7bb-6082-4636-bed5-c47db352a76f	2018-11-02T191247.958469Z
13a51f40-1a9f-4807-9ec7-ba7d69b1a75b	2018-11-02T194818.866256Z
116921f0-ae58-46ce-85f0-a0927bf3f98d	2018-11-02T203820.877156Z
10edf0dc-3a14-4f39-8545-c8006fc9e7d4	2018-11-02T192731.585558Z
10cd3d6d-68c0-4ac0-a8ed-09aef352aa93	2018-11-02T163054.173425Z
0fef2052-5a53-4f57-aba8-b814bfb54aa9	2018-11-02T200101.325235Z
0cf34728-921e-4881-9dba-e019f6578fe1	2018-11-02T203021.428812Z
0b6af01c-34ec-439d-be3f-1cb08f9587cb	2018-11-06T231535.922996Z
05d2e9c0-b415-4792-a8da-0225b1e6cb33	2018-11-02T202933.518364Z
053130b5-ea9d-43ab-9f6c-203153fce4bb	2018-11-02T204825.743421Z
04ba2849-3ac6-4b78-be07-cbb937b61f08	2018-11-02T185825.730849Z
03fc7e21-1a0a-43af-aba0-c157eb8cc885	2018-11-02T194729.877863Z
01fa0d4c-d7bc-4be3-af99-7b011efd9739	2018-11-02T200212.557700Z
01f64c45-6801-4536-bdae-aa8d8b557cec	2018-11-02T195618.588241Z
01dafad6-a032-42a4-8480-4db7cef62ea5	2018-11-02T170122.041270Z
016b4c2d-99a2-47c1-841c-4a0d2ec1ba7f	2018-11-02T192927.744353Z
006c11c3-8410-42be-999a-4d822e699616	2018-11-02T160226.081962Z
0044d0d4-fcd2-4141-8708-63c4a309b359	2018-11-02T192550.386173Z
